letter,cout_all,count_uppercase,percentage
v,9,0,0.0
r,15,0,0.0
y,8,0,0.0
t,45,0,0.0
o,17,0,0.0
n,21,5,23.809523809523807
a,30,6,20.0
x,8,0,0.0
h,3,0,0.0
f,9,0,0.0
l,21,3,14.285714285714285
i,29,6,20.689655172413794
w,10,0,0.0
e,45,0,0.0
m,6,0,0.0
b,3,0,0.0
d,18,0,0.0
p,9,6,66.66666666666666
c,2,0,0.0
k,3,0,0.0
u,3,0,0.0
j,2,0,0.0
s,24,0,0.0
