letter,cout_all,count_uppercase,percentage
w,64,0,0.0
l,60,10,16.666666666666664
b,5,0,0.0
n,89,45,50.56179775280899
m,26,0,0.0
s,121,0,0.0
x,40,0,0.0
d,58,0,0.0
y,46,0,0.0
o,47,0,0.0
v,30,0,0.0
r,37,0,0.0
g,3,0,0.0
p,27,24,88.88888888888889
e,194,0,0.0
i,86,13,15.11627906976744
c,23,9,39.130434782608695
t,178,3,1.6853932584269662
f,28,0,0.0
u,5,0,0.0
a,89,23,25.842696629213485
j,2,0,0.0
k,5,0,0.0
h,7,0,0.0
