letter,cout_all,count_uppercase,percentage
o,23,0,0.0
a,36,8,22.22222222222222
f,11,0,0.0
d,24,0,0.0
e,59,0,0.0
s,34,0,0.0
r,17,0,0.0
v,15,0,0.0
l,29,5,17.24137931034483
c,2,0,0.0
g,2,0,0.0
p,11,8,72.72727272727273
j,2,0,0.0
b,3,0,0.0
n,27,7,25.925925925925924
k,3,0,0.0
w,12,0,0.0
m,10,0,0.0
u,3,0,0.0
x,10,0,0.0
t,57,0,0.0
y,10,0,0.0
i,37,8,21.62162162162162
h,5,0,0.0
